file_path,file_name,trim_strategy,n,lambda2,lambda3,n_zero_eps,lambda_first_pos_idx,lambda_first_pos
results\alpha_scan_transition_N192_T200\W_full_N192_a1.66_b1.0_g1.0_seed101.csv,W_full_N192_a1.66_b1.0_g1.0_seed101.csv,"drop_first_row=0,drop_first_col=0",192,0.6600293486655313,0.6602702115886954,1,2,0.6600293486655313
results\alpha_scan_transition_N192_T200\W_full_N192_a1.66_b1.0_g1.0_seed102.csv,W_full_N192_a1.66_b1.0_g1.0_seed102.csv,"drop_first_row=0,drop_first_col=0",192,0.6598113640081621,0.6603174157645276,1,2,0.6598113640081621
results\alpha_scan_transition_N192_T200\W_full_N192_a1.66_b1.0_g1.0_seed103.csv,W_full_N192_a1.66_b1.0_g1.0_seed103.csv,"drop_first_row=0,drop_first_col=0",192,0.6597734863527509,0.6603545815146508,1,2,0.6597734863527509
results\alpha_scan_transition_N192_T200\W_full_N192_a1.68_b1.0_g1.0_seed101.csv,W_full_N192_a1.68_b1.0_g1.0_seed101.csv,"drop_first_row=0,drop_first_col=0",192,0.6799835955849848,0.6802405521637683,1,2,0.6799835955849848
results\alpha_scan_transition_N192_T200\W_full_N192_a1.68_b1.0_g1.0_seed102.csv,W_full_N192_a1.68_b1.0_g1.0_seed102.csv,"drop_first_row=0,drop_first_col=0",192,0.6797511666712563,0.6802902006623809,1,2,0.6797511666712563
results\alpha_scan_transition_N192_T200\W_full_N192_a1.68_b1.0_g1.0_seed103.csv,W_full_N192_a1.68_b1.0_g1.0_seed103.csv,"drop_first_row=0,drop_first_col=0",192,0.6797106981541636,0.6803300928514205,1,2,0.6797106981541636
results\alpha_scan_transition_N192_T200\W_full_N192_a1.74_b1.0_g1.0_seed101.csv,W_full_N192_a1.74_b1.0_g1.0_seed101.csv,"drop_first_row=0,drop_first_col=0",192,0.7398144580657744,0.7401258490504898,1,2,0.7398144580657744
results\alpha_scan_transition_N192_T200\W_full_N192_a1.74_b1.0_g1.0_seed102.csv,W_full_N192_a1.74_b1.0_g1.0_seed102.csv,"drop_first_row=0,drop_first_col=0",192,0.7395328089172062,0.7401836145488921,1,2,0.7395328089172062
results\alpha_scan_transition_N192_T200\W_full_N192_a1.74_b1.0_g1.0_seed103.csv,W_full_N192_a1.74_b1.0_g1.0_seed103.csv,"drop_first_row=0,drop_first_col=0",192,0.7394834693271354,0.7402326950933523,1,2,0.7394834693271354
results\alpha_scan_transition_N192_T200\W_full_N192_a1.76_b1.0_g1.0_seed101.csv,W_full_N192_a1.76_b1.0_g1.0_seed101.csv,"drop_first_row=0,drop_first_col=0",192,0.7597464631619439,0.7600783142557649,1,2,0.7597464631619439
results\alpha_scan_transition_N192_T200\W_full_N192_a1.76_b1.0_g1.0_seed102.csv,W_full_N192_a1.76_b1.0_g1.0_seed102.csv,"drop_first_row=0,drop_first_col=0",192,0.7594461700653773,0.7601390769190595,1,2,0.7594461700653773
results\alpha_scan_transition_N192_T200\W_full_N192_a1.76_b1.0_g1.0_seed103.csv,W_full_N192_a1.76_b1.0_g1.0_seed103.csv,"drop_first_row=0,drop_first_col=0",192,0.7593934529324802,0.7601915969563877,1,2,0.7593934529324802
results\alpha_scan_transition_N192_T200\W_full_N192_a1.7_b1.0_g1.0_seed101.csv,W_full_N192_a1.7_b1.0_g1.0_seed101.csv,"drop_first_row=0,drop_first_col=0",192,0.6999327169764756,0.7002067433946931,1,2,0.6999327169764756
results\alpha_scan_transition_N192_T200\W_full_N192_a1.7_b1.0_g1.0_seed102.csv,W_full_N192_a1.7_b1.0_g1.0_seed102.csv,"drop_first_row=0,drop_first_col=0",192,0.6996849136197201,0.7002589612135647,1,2,0.6996849136197201
results\alpha_scan_transition_N192_T200\W_full_N192_a1.7_b1.0_g1.0_seed103.csv,W_full_N192_a1.7_b1.0_g1.0_seed103.csv,"drop_first_row=0,drop_first_col=0",192,0.6996416812137977,0.700301740417266,1,2,0.6996416812137977
results\alpha_scan_transition_N192_T200\W_full_N192_a1.8_b1.0_g1.0_seed101.csv,W_full_N192_a1.8_b1.0_g1.0_seed101.csv,"drop_first_row=0,drop_first_col=0",192,0.7995910287817203,0.7999678291073583,1,2,0.7995910287817203
results\alpha_scan_transition_N192_T200\W_full_N192_a1.8_b1.0_g1.0_seed102.csv,W_full_N192_a1.8_b1.0_g1.0_seed102.csv,"drop_first_row=0,drop_first_col=0",192,0.7992495056809066,0.8000350858495408,1,2,0.7992495056809066
results\alpha_scan_transition_N192_T200\W_full_N192_a1.8_b1.0_g1.0_seed103.csv,W_full_N192_a1.8_b1.0_g1.0_seed103.csv,"drop_first_row=0,drop_first_col=0",192,0.7991892854027298,0.8000951335918736,1,2,0.7991892854027298
results\alpha_scan_transition_N192_T400\W_full_N192_a1.66_b1.0_g1.0_seed101.csv,W_full_N192_a1.66_b1.0_g1.0_seed101.csv,"drop_first_row=0,drop_first_col=0",192,-3.752390987662808e-16,-2.9523939308739545e-16,133,134,3.7228455033721836e-10
results\alpha_scan_transition_N192_T400\W_full_N192_a1.66_b1.0_g1.0_seed102.csv,W_full_N192_a1.66_b1.0_g1.0_seed102.csv,"drop_first_row=0,drop_first_col=0",192,-4.3905256069150525e-16,-4.0459703261745577e-16,137,138,1.7323226549421223e-10
results\alpha_scan_transition_N192_T400\W_full_N192_a1.66_b1.0_g1.0_seed103.csv,W_full_N192_a1.66_b1.0_g1.0_seed103.csv,"drop_first_row=0,drop_first_col=0",192,-5.542269680452263e-16,-4.884413167171e-16,136,137,5.384259926799473e-08
results\alpha_scan_transition_N192_T400\W_full_N192_a1.68_b1.0_g1.0_seed101.csv,W_full_N192_a1.68_b1.0_g1.0_seed101.csv,"drop_first_row=0,drop_first_col=0",192,-5.556584267966468e-16,-4.76234560385317e-16,138,139,1.2692505662239797e-10
results\alpha_scan_transition_N192_T400\W_full_N192_a1.68_b1.0_g1.0_seed102.csv,W_full_N192_a1.68_b1.0_g1.0_seed102.csv,"drop_first_row=0,drop_first_col=0",192,-4.793585785660542e-16,-4.514458116297617e-16,139,140,3.430850255312381e-09
results\alpha_scan_transition_N192_T400\W_full_N192_a1.68_b1.0_g1.0_seed103.csv,W_full_N192_a1.68_b1.0_g1.0_seed103.csv,"drop_first_row=0,drop_first_col=0",192,-5.381887615904097e-16,-4.9266802620198375e-16,136,137,6.496494453500645e-10
results\alpha_scan_transition_N192_T400\W_full_N192_a1.74_b1.0_g1.0_seed101.csv,W_full_N192_a1.74_b1.0_g1.0_seed101.csv,"drop_first_row=0,drop_first_col=0",192,-6.224326109377894e-16,-5.861470128880402e-16,150,151,1.1049796487709127e-06
results\alpha_scan_transition_N192_T400\W_full_N192_a1.74_b1.0_g1.0_seed102.csv,W_full_N192_a1.74_b1.0_g1.0_seed102.csv,"drop_first_row=0,drop_first_col=0",192,-4.45442149480477e-16,-4.2955182961057745e-16,143,144,4.0903886928252e-09
results\alpha_scan_transition_N192_T400\W_full_N192_a1.74_b1.0_g1.0_seed103.csv,W_full_N192_a1.74_b1.0_g1.0_seed103.csv,"drop_first_row=0,drop_first_col=0",192,-5.911220360302458e-16,-5.59754990334403e-16,138,139,2.9941538137698966e-10
results\alpha_scan_transition_N192_T400\W_full_N192_a1.76_b1.0_g1.0_seed101.csv,W_full_N192_a1.76_b1.0_g1.0_seed101.csv,"drop_first_row=0,drop_first_col=0",192,-7.09479482021018e-16,-6.462194421443604e-16,146,147,3.964078560620689e-08
results\alpha_scan_transition_N192_T400\W_full_N192_a1.76_b1.0_g1.0_seed102.csv,W_full_N192_a1.76_b1.0_g1.0_seed102.csv,"drop_first_row=0,drop_first_col=0",192,-5.876403672061595e-16,-5.388041184641524e-16,143,144,6.975459321100531e-09
results\alpha_scan_transition_N192_T400\W_full_N192_a1.76_b1.0_g1.0_seed103.csv,W_full_N192_a1.76_b1.0_g1.0_seed103.csv,"drop_first_row=0,drop_first_col=0",192,-5.442556736076974e-16,-4.605790569355406e-16,141,142,2.343229380791749e-09
results\alpha_scan_transition_N192_T400\W_full_N192_a1.7_b1.0_g1.0_seed101.csv,W_full_N192_a1.7_b1.0_g1.0_seed101.csv,"drop_first_row=0,drop_first_col=0",192,-5.58817391370678e-16,-4.988769457230237e-16,144,145,1.0480586254443813
results\alpha_scan_transition_N192_T400\W_full_N192_a1.7_b1.0_g1.0_seed102.csv,W_full_N192_a1.7_b1.0_g1.0_seed102.csv,"drop_first_row=0,drop_first_col=0",192,-5.058907833754421e-16,-4.2951119551321805e-16,141,142,5.829161597524028e-09
results\alpha_scan_transition_N192_T400\W_full_N192_a1.7_b1.0_g1.0_seed103.csv,W_full_N192_a1.7_b1.0_g1.0_seed103.csv,"drop_first_row=0,drop_first_col=0",192,-4.848988613087086e-16,-4.756117534254594e-16,137,138,7.428962289779406e-08
results\alpha_scan_transition_N192_T400\W_full_N192_a1.8_b1.0_g1.0_seed101.csv,W_full_N192_a1.8_b1.0_g1.0_seed101.csv,"drop_first_row=0,drop_first_col=0",192,-5.869973914916272e-16,-5.121084398434795e-16,148,149,1.199972858771868
results\alpha_scan_transition_N192_T400\W_full_N192_a1.8_b1.0_g1.0_seed102.csv,W_full_N192_a1.8_b1.0_g1.0_seed102.csv,"drop_first_row=0,drop_first_col=0",192,-5.654059026778542e-16,-5.478106443949689e-16,143,144,3.482046486477976e-06
results\alpha_scan_transition_N192_T400\W_full_N192_a1.8_b1.0_g1.0_seed103.csv,W_full_N192_a1.8_b1.0_g1.0_seed103.csv,"drop_first_row=0,drop_first_col=0",192,-6.469610136808084e-16,-5.943407045557704e-16,143,144,1.5657564113793728e-10
results\alpha_scan_transition_N64_T200\W_full_N64_a1.66_b1.0_g1.0_seed101.csv,W_full_N64_a1.66_b1.0_g1.0_seed101.csv,"drop_first_row=0,drop_first_col=0",64,0.5292771744961218,0.6101742492182994,1,2,0.5292771744961218
results\alpha_scan_transition_N64_T200\W_full_N64_a1.66_b1.0_g1.0_seed102.csv,W_full_N64_a1.66_b1.0_g1.0_seed102.csv,"drop_first_row=0,drop_first_col=0",64,0.06423123165289868,0.2738175578937591,1,2,0.06423123165289868
results\alpha_scan_transition_N64_T200\W_full_N64_a1.66_b1.0_g1.0_seed103.csv,W_full_N64_a1.66_b1.0_g1.0_seed103.csv,"drop_first_row=0,drop_first_col=0",64,0.3021872502349481,0.49901314561497206,1,2,0.3021872502349481
results\alpha_scan_transition_N64_T200\W_full_N64_a1.68_b1.0_g1.0_seed101.csv,W_full_N64_a1.68_b1.0_g1.0_seed101.csv,"drop_first_row=0,drop_first_col=0",64,0.40967485486193406,0.5522429981383536,1,2,0.40967485486193406
results\alpha_scan_transition_N64_T200\W_full_N64_a1.68_b1.0_g1.0_seed102.csv,W_full_N64_a1.68_b1.0_g1.0_seed102.csv,"drop_first_row=0,drop_first_col=0",64,0.006983040606665373,0.05863770371496973,1,2,0.006983040606665373
results\alpha_scan_transition_N64_T200\W_full_N64_a1.68_b1.0_g1.0_seed103.csv,W_full_N64_a1.68_b1.0_g1.0_seed103.csv,"drop_first_row=0,drop_first_col=0",64,0.07806534681363358,0.30239863360423536,1,2,0.07806534681363358
results\alpha_scan_transition_N64_T200\W_full_N64_a1.74_b1.0_g1.0_seed101.csv,W_full_N64_a1.74_b1.0_g1.0_seed101.csv,"drop_first_row=0,drop_first_col=0",64,0.0026214438728556005,0.027209976415220574,1,2,0.0026214438728556005
results\alpha_scan_transition_N64_T200\W_full_N64_a1.74_b1.0_g1.0_seed102.csv,W_full_N64_a1.74_b1.0_g1.0_seed102.csv,"drop_first_row=0,drop_first_col=0",64,4.07876558936009e-07,6.418019411977644e-06,1,2,4.07876558936009e-07
results\alpha_scan_transition_N64_T200\W_full_N64_a1.74_b1.0_g1.0_seed103.csv,W_full_N64_a1.74_b1.0_g1.0_seed103.csv,"drop_first_row=0,drop_first_col=0",64,4.32656167090095e-05,0.00029933939055761243,1,2,4.32656167090095e-05
results\alpha_scan_transition_N64_T200\W_full_N64_a1.76_b1.0_g1.0_seed101.csv,W_full_N64_a1.76_b1.0_g1.0_seed101.csv,"drop_first_row=0,drop_first_col=0",64,0.00012840943360519866,0.0028150697246853923,1,2,0.00012840943360519866
results\alpha_scan_transition_N64_T200\W_full_N64_a1.76_b1.0_g1.0_seed102.csv,W_full_N64_a1.76_b1.0_g1.0_seed102.csv,"drop_first_row=0,drop_first_col=0",64,1.1464583472670295e-08,1.7007967440840938e-07,1,2,1.1464583472670295e-08
results\alpha_scan_transition_N64_T200\W_full_N64_a1.76_b1.0_g1.0_seed103.csv,W_full_N64_a1.76_b1.0_g1.0_seed103.csv,"drop_first_row=0,drop_first_col=0",64,1.473098797068194e-06,9.467618349733107e-06,1,2,1.473098797068194e-06
results\alpha_scan_transition_N64_T200\W_full_N64_a1.7_b1.0_g1.0_seed101.csv,W_full_N64_a1.7_b1.0_g1.0_seed101.csv,"drop_first_row=0,drop_first_col=0",64,0.16398433649434913,0.3995687792073218,1,2,0.16398433649434913
results\alpha_scan_transition_N64_T200\W_full_N64_a1.7_b1.0_g1.0_seed102.csv,W_full_N64_a1.7_b1.0_g1.0_seed102.csv,"drop_first_row=0,drop_first_col=0",64,0.00032811617775063034,0.003931876727153819,1,2,0.00032811617775063034
results\alpha_scan_transition_N64_T200\W_full_N64_a1.7_b1.0_g1.0_seed103.csv,W_full_N64_a1.7_b1.0_g1.0_seed103.csv,"drop_first_row=0,drop_first_col=0",64,0.011551742836062473,0.07230030346357816,1,2,0.011551742836062473
results\alpha_scan_transition_N64_T200\W_full_N64_a1.8_b1.0_g1.0_seed101.csv,W_full_N64_a1.8_b1.0_g1.0_seed101.csv,"drop_first_row=0,drop_first_col=0",64,1.0412665233751612e-07,2.989448702746947e-06,1,2,1.0412665233751612e-07
results\alpha_scan_transition_N64_T200\W_full_N64_a1.8_b1.0_g1.0_seed102.csv,W_full_N64_a1.8_b1.0_g1.0_seed102.csv,"drop_first_row=0,drop_first_col=0",64,6.629730389307667e-12,1.5231324826256062e-10,2,3,1.5231324826256062e-10
results\alpha_scan_transition_N64_T200\W_full_N64_a1.8_b1.0_g1.0_seed103.csv,W_full_N64_a1.8_b1.0_g1.0_seed103.csv,"drop_first_row=0,drop_first_col=0",64,1.301641154210005e-09,7.456927614080874e-09,1,2,1.301641154210005e-09
results\pre_dt_convergence\W_full_N128_a1.8_b1.0_g1.0_seed101.csv,W_full_N128_a1.8_b1.0_g1.0_seed101.csv,"drop_first_row=0,drop_first_col=0",128,-6.159316085733227e-16,-5.320681998068631e-16,80,81,1.1999999999830933
results\pre_eps_sensitivity\W_full_N128_a1.8_b1.0_g1.0_seed101.csv,W_full_N128_a1.8_b1.0_g1.0_seed101.csv,"drop_first_row=0,drop_first_col=0",128,-6.349496132397571e-16,-6.111946378514383e-16,80,81,1.199999999999814
results\pre_eps_sensitivity\W_full_N256_a1.8_b1.0_g1.0_seed101.csv,W_full_N256_a1.8_b1.0_g1.0_seed101.csv,"drop_first_row=0,drop_first_col=0",256,-6.683088258371866e-16,-6.428343022176726e-16,192,193,1.1999999999998143
results\pre_eps_sensitivity\W_full_N256_a1.8_b1.0_g1.0_seed104.csv,W_full_N256_a1.8_b1.0_g1.0_seed104.csv,"drop_first_row=0,drop_first_col=0",256,-5.401961293175891e-16,-4.849527600505116e-16,104,105,2.1896567520226506e-10
results\pre_round1_seed202_T400\W_full_N64_a1.8_b1.0_g1.0_seed202.csv,W_full_N64_a1.8_b1.0_g1.0_seed202.csv,"drop_first_row=0,drop_first_col=0",64,-3.6830368939448034e-16,-3.5024390910404687e-16,52,53,1.199999999983109
results\pre_round1_seed202_T600\W_full_N64_a1.8_b1.0_g1.0_seed202.csv,W_full_N64_a1.8_b1.0_g1.0_seed202.csv,"drop_first_row=0,drop_first_col=0",64,-4.1886297163901485e-16,-3.4868153413350887e-16,52,53,1.1999999999831086
results\pre_round1_seed_sweep_T200\W_full_N64_a1.8_b1.0_g1.0_seed101.csv,W_full_N64_a1.8_b1.0_g1.0_seed101.csv,"drop_first_row=0,drop_first_col=0",64,1.0412665233751612e-07,2.989448702746947e-06,1,2,1.0412665233751612e-07
results\pre_round1_seed_sweep_T200\W_full_N64_a1.8_b1.0_g1.0_seed102.csv,W_full_N64_a1.8_b1.0_g1.0_seed102.csv,"drop_first_row=0,drop_first_col=0",64,6.629730389307667e-12,1.5231324826256062e-10,2,3,1.5231324826256062e-10
results\pre_round1_seed_sweep_T200\W_full_N64_a1.8_b1.0_g1.0_seed103.csv,W_full_N64_a1.8_b1.0_g1.0_seed103.csv,"drop_first_row=0,drop_first_col=0",64,1.301641154210005e-09,7.456927614080874e-09,1,2,1.301641154210005e-09
results\pre_round1_seed_sweep_T200\W_full_N64_a1.8_b1.0_g1.0_seed104.csv,W_full_N64_a1.8_b1.0_g1.0_seed104.csv,"drop_first_row=0,drop_first_col=0",64,0.11783361899378374,0.3589624590047285,1,2,0.11783361899378374
results\pre_round1_seed_sweep_T200\W_full_N64_a1.8_b1.0_g1.0_seed105.csv,W_full_N64_a1.8_b1.0_g1.0_seed105.csv,"drop_first_row=0,drop_first_col=0",64,0.0008679262014921106,0.007300053468704387,1,2,0.0008679262014921106
results\pre_round1_seed_sweep_T200\W_full_N64_a1.8_b1.0_g1.0_seed106.csv,W_full_N64_a1.8_b1.0_g1.0_seed106.csv,"drop_first_row=0,drop_first_col=0",64,3.772495434712086e-15,4.255771711157663e-14,11,12,1.0092983503046282e-10
results\pre_round1_seed_sweep_T200\W_full_N64_a1.8_b1.0_g1.0_seed107.csv,W_full_N64_a1.8_b1.0_g1.0_seed107.csv,"drop_first_row=0,drop_first_col=0",64,0.0007407318455165057,0.017113716423795198,1,2,0.0007407318455165057
results\pre_round1_seed_sweep_T200\W_full_N64_a1.8_b1.0_g1.0_seed108.csv,W_full_N64_a1.8_b1.0_g1.0_seed108.csv,"drop_first_row=0,drop_first_col=0",64,0.39736422170326596,0.5830192038296564,1,2,0.39736422170326596
results\pre_round1_seed_sweep_T200\W_full_N64_a1.8_b1.0_g1.0_seed109.csv,W_full_N64_a1.8_b1.0_g1.0_seed109.csv,"drop_first_row=0,drop_first_col=0",64,0.7533487936260869,0.782348614407992,1,2,0.7533487936260869
results\pre_round1_seed_sweep_T200\W_full_N64_a1.8_b1.0_g1.0_seed110.csv,W_full_N64_a1.8_b1.0_g1.0_seed110.csv,"drop_first_row=0,drop_first_col=0",64,0.6964864096390337,0.7668984710771954,1,2,0.6964864096390337
results\pre_round1_seed_sweep_T200\W_full_N64_a1.8_b1.0_g1.0_seed111.csv,W_full_N64_a1.8_b1.0_g1.0_seed111.csv,"drop_first_row=0,drop_first_col=0",64,6.379042987302247e-09,5.664074204566535e-07,1,2,6.379042987302247e-09
results\pre_round1_seed_sweep_T200\W_full_N64_a1.8_b1.0_g1.0_seed112.csv,W_full_N64_a1.8_b1.0_g1.0_seed112.csv,"drop_first_row=0,drop_first_col=0",64,0.23969129163834674,0.4803589550036709,1,2,0.23969129163834674
results\pre_round1_seed_sweep_T200\W_full_N64_a1.8_b1.0_g1.0_seed113.csv,W_full_N64_a1.8_b1.0_g1.0_seed113.csv,"drop_first_row=0,drop_first_col=0",64,9.606974531946397e-12,8.988239622761908e-11,3,4,1.9973814779704091e-10
results\pre_round1_seed_sweep_T200\W_full_N64_a1.8_b1.0_g1.0_seed114.csv,W_full_N64_a1.8_b1.0_g1.0_seed114.csv,"drop_first_row=0,drop_first_col=0",64,-4.39205984067681e-17,1.7368641087865983e-17,19,20,2.969091296999048e-09
results\pre_round1_seed_sweep_T200\W_full_N64_a1.8_b1.0_g1.0_seed115.csv,W_full_N64_a1.8_b1.0_g1.0_seed115.csv,"drop_first_row=0,drop_first_col=0",64,3.0566150708162526e-09,8.737988927439609e-09,1,2,3.0566150708162526e-09
results\pre_round1_seed_sweep_T200\W_full_N64_a1.8_b1.0_g1.0_seed116.csv,W_full_N64_a1.8_b1.0_g1.0_seed116.csv,"drop_first_row=0,drop_first_col=0",64,0.016779472472721598,0.10300553948935363,1,2,0.016779472472721598
results\pre_round1_seed_sweep_T200\W_full_N64_a1.8_b1.0_g1.0_seed117.csv,W_full_N64_a1.8_b1.0_g1.0_seed117.csv,"drop_first_row=0,drop_first_col=0",64,7.91729699860416e-15,1.8817778235305107e-13,11,12,1.115724055651855e-09
results\pre_round1_seed_sweep_T200\W_full_N64_a1.8_b1.0_g1.0_seed118.csv,W_full_N64_a1.8_b1.0_g1.0_seed118.csv,"drop_first_row=0,drop_first_col=0",64,0.011866123706408382,0.06763416022341515,1,2,0.011866123706408382
results\pre_round1_seed_sweep_T200\W_full_N64_a1.8_b1.0_g1.0_seed119.csv,W_full_N64_a1.8_b1.0_g1.0_seed119.csv,"drop_first_row=0,drop_first_col=0",64,0.6323394886060562,0.7085719061186675,1,2,0.6323394886060562
results\pre_round1_seed_sweep_T200\W_full_N64_a1.8_b1.0_g1.0_seed120.csv,W_full_N64_a1.8_b1.0_g1.0_seed120.csv,"drop_first_row=0,drop_first_col=0",64,4.1991419745025855e-06,1.8938093751592756e-05,1,2,4.1991419745025855e-06
results\pre_round2_bottom5_T600\W_full_N64_a1.8_b1.0_g1.0_seed108.csv,W_full_N64_a1.8_b1.0_g1.0_seed108.csv,"drop_first_row=0,drop_first_col=0",64,-3.5460221912496243e-16,-3.462910038121335e-16,56,57,1.1999999999831086
results\pre_round2_bottom5_T600\W_full_N64_a1.8_b1.0_g1.0_seed109.csv,W_full_N64_a1.8_b1.0_g1.0_seed109.csv,"drop_first_row=0,drop_first_col=0",64,-4.362159742048947e-16,-4.138404116828364e-16,48,49,1.1999999999831092
results\pre_round2_bottom5_T600\W_full_N64_a1.8_b1.0_g1.0_seed110.csv,W_full_N64_a1.8_b1.0_g1.0_seed110.csv,"drop_first_row=0,drop_first_col=0",64,-4.596833784873528e-16,-4.483678092881888e-16,44,45,1.1999999999831084
results\pre_round2_bottom5_T600\W_full_N64_a1.8_b1.0_g1.0_seed112.csv,W_full_N64_a1.8_b1.0_g1.0_seed112.csv,"drop_first_row=0,drop_first_col=0",64,-5.179007372256797e-16,-4.844713754455027e-16,56,57,1.1999999999831092
results\pre_round2_bottom5_T600\W_full_N64_a1.8_b1.0_g1.0_seed119.csv,W_full_N64_a1.8_b1.0_g1.0_seed119.csv,"drop_first_row=0,drop_first_col=0",64,-6.060097587476471e-16,-4.802563645063221e-16,44,45,1.1999999999831088
results\pre_round2_seed123_T600\W_full_N64_a1.8_b1.0_g1.0_seed123.csv,W_full_N64_a1.8_b1.0_g1.0_seed123.csv,"drop_first_row=0,drop_first_col=0",64,-5.296068291876451e-16,-3.834580116717116e-16,44,45,1.1999999999831088
results\pre_round2_seed202_T1000\W_full_N64_a1.8_b1.0_g1.0_seed202.csv,W_full_N64_a1.8_b1.0_g1.0_seed202.csv,"drop_first_row=0,drop_first_col=0",64,-7.058225665551514e-16,-6.89555869750171e-16,52,53,1.1999999999831088
results\pre_round2_top1_T600\W_full_N64_a1.8_b1.0_g1.0_seed114.csv,W_full_N64_a1.8_b1.0_g1.0_seed114.csv,"drop_first_row=0,drop_first_col=0",64,-4.440892098500626e-16,-4.278944746962602e-16,52,53,1.199999999983109
results\pre_round3_targeted_dynamics\W_full_N64_a1.8_b1.0_g1.0_seed108.csv,W_full_N64_a1.8_b1.0_g1.0_seed108.csv,"drop_first_row=0,drop_first_col=0",64,-3.8380853111604406e-16,-3.5648170012684594e-16,56,57,1.199999999983109
results\pre_round3_targeted_dynamics\W_full_N64_a1.8_b1.0_g1.0_seed109.csv,W_full_N64_a1.8_b1.0_g1.0_seed109.csv,"drop_first_row=0,drop_first_col=0",64,-7.215893118789963e-16,-5.235490265193944e-16,48,49,1.199999999983108
results\pre_round3_targeted_dynamics\W_full_N64_a1.8_b1.0_g1.0_seed110.csv,W_full_N64_a1.8_b1.0_g1.0_seed110.csv,"drop_first_row=0,drop_first_col=0",64,-4.952281230332804e-16,-3.939244217400764e-16,44,45,1.199999999983109
results\pre_round3_targeted_dynamics\W_full_N64_a1.8_b1.0_g1.0_seed114.csv,W_full_N64_a1.8_b1.0_g1.0_seed114.csv,"drop_first_row=0,drop_first_col=0",64,-5.411942356494893e-16,-5.201570044544939e-16,52,53,1.199999999983109
results\pre_round3_targeted_dynamics\W_full_N64_a1.8_b1.0_g1.0_seed123.csv,W_full_N64_a1.8_b1.0_g1.0_seed123.csv,"drop_first_row=0,drop_first_col=0",64,-5.296068291876451e-16,-3.834580116717116e-16,44,45,1.1999999999831088
results\pre_round3_targeted_dynamics\W_full_N64_a1.8_b1.0_g1.0_seed202.csv,W_full_N64_a1.8_b1.0_g1.0_seed202.csv,"drop_first_row=0,drop_first_col=0",64,-7.058225665551514e-16,-6.89555869750171e-16,52,53,1.1999999999831088
results\pre_round4_finite_size\W_full_N128_a1.8_b1.0_g1.0_seed101.csv,W_full_N128_a1.8_b1.0_g1.0_seed101.csv,"drop_first_row=0,drop_first_col=0",128,-6.303263261421091e-16,-6.093085907270896e-16,80,81,1.1999999998668063
results\pre_round4_finite_size\W_full_N128_a1.8_b1.0_g1.0_seed102.csv,W_full_N128_a1.8_b1.0_g1.0_seed102.csv,"drop_first_row=0,drop_first_col=0",128,-5.772560814704737e-16,-5.725040426825454e-16,92,93,1.1999999999735875
results\pre_round4_finite_size\W_full_N128_a1.8_b1.0_g1.0_seed103.csv,W_full_N128_a1.8_b1.0_g1.0_seed103.csv,"drop_first_row=0,drop_first_col=0",128,-6.478693926906644e-16,-6.032654346579786e-16,88,89,1.1999999999689581
results\pre_round4_finite_size\W_full_N128_a1.8_b1.0_g1.0_seed104.csv,W_full_N128_a1.8_b1.0_g1.0_seed104.csv,"drop_first_row=0,drop_first_col=0",128,-6.734507542321925e-16,-5.80194003699479e-16,90,91,4.889651747855464e-05
results\pre_round4_finite_size\W_full_N128_a1.8_b1.0_g1.0_seed105.csv,W_full_N128_a1.8_b1.0_g1.0_seed105.csv,"drop_first_row=0,drop_first_col=0",128,-5.266816725197005e-16,-5.092763011133711e-16,104,105,1.1999999999540638
results\pre_round4_finite_size\W_full_N192_a1.8_b1.0_g1.0_seed101.csv,W_full_N192_a1.8_b1.0_g1.0_seed101.csv,"drop_first_row=0,drop_first_col=0",192,-6.533854713111313e-16,-6.201155680862743e-16,148,149,1.1999728587760625
results\pre_round4_finite_size\W_full_N192_a1.8_b1.0_g1.0_seed102.csv,W_full_N192_a1.8_b1.0_g1.0_seed102.csv,"drop_first_row=0,drop_first_col=0",192,-5.936908037140241e-16,-4.821222329216878e-16,143,144,3.4820478762556175e-06
results\pre_round4_finite_size\W_full_N192_a1.8_b1.0_g1.0_seed103.csv,W_full_N192_a1.8_b1.0_g1.0_seed103.csv,"drop_first_row=0,drop_first_col=0",192,-5.559435573680892e-16,-4.981288906389015e-16,143,144,1.56575863383945e-10
results\pre_round4_finite_size\W_full_N192_a1.8_b1.0_g1.0_seed104.csv,W_full_N192_a1.8_b1.0_g1.0_seed104.csv,"drop_first_row=0,drop_first_col=0",192,-7.384252774147759e-16,-7.197558355695621e-16,126,127,2.2552081532235756e-05
results\pre_round4_finite_size\W_full_N192_a1.8_b1.0_g1.0_seed105.csv,W_full_N192_a1.8_b1.0_g1.0_seed105.csv,"drop_first_row=0,drop_first_col=0",192,-7.215227127160035e-16,-6.370540635537469e-16,119,120,1.0653317003725151
results\pre_round4_finite_size\W_full_N256_a1.8_b1.0_g1.0_seed101.csv,W_full_N256_a1.8_b1.0_g1.0_seed101.csv,"drop_first_row=0,drop_first_col=0",256,-4.1473112814922713e-16,-3.912677888125874e-16,134,135,1.1665223366880954e-10
results\pre_round4_finite_size\W_full_N256_a1.8_b1.0_g1.0_seed102.csv,W_full_N256_a1.8_b1.0_g1.0_seed102.csv,"drop_first_row=0,drop_first_col=0",256,1.0916613112749698e-14,6.626874999899581e-14,32,33,1.0640088965889948e-10
results\pre_round4_finite_size\W_full_N256_a1.8_b1.0_g1.0_seed103.csv,W_full_N256_a1.8_b1.0_g1.0_seed103.csv,"drop_first_row=0,drop_first_col=0",256,-4.044917704651957e-16,-3.530576331302483e-16,94,95,1.1244752592715801e-10
results\pre_round4_finite_size\W_full_N256_a1.8_b1.0_g1.0_seed104.csv,W_full_N256_a1.8_b1.0_g1.0_seed104.csv,"drop_first_row=0,drop_first_col=0",256,-5.586022786668274e-16,-4.891292373157275e-16,107,108,1.1729953471635214e-10
results\pre_round4_finite_size\W_full_N256_a1.8_b1.0_g1.0_seed105.csv,W_full_N256_a1.8_b1.0_g1.0_seed105.csv,"drop_first_row=0,drop_first_col=0",256,-2.960340323257383e-16,-2.6309600840516006e-16,91,92,1.6458760069146068e-10
results\pre_round4_finite_size\W_full_N64_a1.8_b1.0_g1.0_seed101.csv,W_full_N64_a1.8_b1.0_g1.0_seed101.csv,"drop_first_row=0,drop_first_col=0",64,1.0412665233751612e-07,2.989448702746947e-06,1,2,1.0412665233751612e-07
results\pre_round4_finite_size\W_full_N64_a1.8_b1.0_g1.0_seed102.csv,W_full_N64_a1.8_b1.0_g1.0_seed102.csv,"drop_first_row=0,drop_first_col=0",64,6.629730389307667e-12,1.5231324826256062e-10,2,3,1.5231324826256062e-10
results\pre_round4_finite_size\W_full_N64_a1.8_b1.0_g1.0_seed103.csv,W_full_N64_a1.8_b1.0_g1.0_seed103.csv,"drop_first_row=0,drop_first_col=0",64,1.301641154210005e-09,7.456927614080874e-09,1,2,1.301641154210005e-09
results\pre_round4_finite_size\W_full_N64_a1.8_b1.0_g1.0_seed104.csv,W_full_N64_a1.8_b1.0_g1.0_seed104.csv,"drop_first_row=0,drop_first_col=0",64,0.11783361899378374,0.3589624590047285,1,2,0.11783361899378374
results\pre_round4_finite_size\W_full_N64_a1.8_b1.0_g1.0_seed105.csv,W_full_N64_a1.8_b1.0_g1.0_seed105.csv,"drop_first_row=0,drop_first_col=0",64,-3.3890837799902874e-16,-2.676637546953326e-16,44,45,1.1999999999831088
results\pre_round4_finite_size\W_full_N96_a1.8_b1.0_g1.0_seed101.csv,W_full_N96_a1.8_b1.0_g1.0_seed101.csv,"drop_first_row=0,drop_first_col=0",96,-3.7976588893095893e-16,-3.494667428298317e-16,76,77,1.1999999999824316
results\pre_round4_finite_size\W_full_N96_a1.8_b1.0_g1.0_seed102.csv,W_full_N96_a1.8_b1.0_g1.0_seed102.csv,"drop_first_row=0,drop_first_col=0",96,-3.7063540283934724e-16,-2.8075000945469864e-16,80,81,1.199999999983109
results\pre_round4_finite_size\W_full_N96_a1.8_b1.0_g1.0_seed103.csv,W_full_N96_a1.8_b1.0_g1.0_seed103.csv,"drop_first_row=0,drop_first_col=0",96,-4.4185455374487363e-16,-4.282148368838838e-16,65,66,1.0650313921512264
results\pre_round4_finite_size\W_full_N96_a1.8_b1.0_g1.0_seed104.csv,W_full_N96_a1.8_b1.0_g1.0_seed104.csv,"drop_first_row=0,drop_first_col=0",96,-3.9282916381047967e-16,-3.016440461855866e-16,80,81,1.1999999999829183
results\pre_round4_finite_size\W_full_N96_a1.8_b1.0_g1.0_seed105.csv,W_full_N96_a1.8_b1.0_g1.0_seed105.csv,"drop_first_row=0,drop_first_col=0",96,-4.888605665552061e-16,-4.277407196744805e-16,73,74,1.0599242031093
results\pre_round4b_longtime\W_full_N128_a1.8_b1.0_g1.0_seed101.csv,W_full_N128_a1.8_b1.0_g1.0_seed101.csv,"drop_first_row=0,drop_first_col=0",128,-5.224531167142851e-16,-5.079871258105316e-16,80,81,1.199999999983108
results\pre_round4b_longtime\W_full_N128_a1.8_b1.0_g1.0_seed103.csv,W_full_N128_a1.8_b1.0_g1.0_seed103.csv,"drop_first_row=0,drop_first_col=0",128,-5.252285290629083e-16,-4.440892098500626e-16,88,89,1.1999999999831084
results\pre_round4b_longtime\W_full_N128_a1.8_b1.0_g1.0_seed105.csv,W_full_N128_a1.8_b1.0_g1.0_seed105.csv,"drop_first_row=0,drop_first_col=0",128,-6.040378786309437e-16,-4.960594105713296e-16,104,105,1.1999999999831086
results\pre_round4b_longtime\W_full_N192_a1.8_b1.0_g1.0_seed101.csv,W_full_N192_a1.8_b1.0_g1.0_seed101.csv,"drop_first_row=0,drop_first_col=0",192,-5.321758480439064e-16,-5.255351352057912e-16,148,149,1.1999999999831077
results\pre_round4b_longtime\W_full_N192_a1.8_b1.0_g1.0_seed102.csv,W_full_N192_a1.8_b1.0_g1.0_seed102.csv,"drop_first_row=0,drop_first_col=0",192,-6.586935455342061e-16,-6.553033528765848e-16,148,149,1.1999999999831084
results\pre_round4b_longtime\W_full_N192_a1.8_b1.0_g1.0_seed105.csv,W_full_N192_a1.8_b1.0_g1.0_seed105.csv,"drop_first_row=0,drop_first_col=0",192,-7.751347895766266e-16,-6.552756381058938e-16,122,123,1.199999999983108
results\pre_round4b_longtime\W_full_N256_a1.8_b1.0_g1.0_seed101.csv,W_full_N256_a1.8_b1.0_g1.0_seed101.csv,"drop_first_row=0,drop_first_col=0",256,-1.6843902896578358e-15,-1.0855357083338057e-15,192,193,1.1999999999831075
results\pre_round4b_longtime\W_full_N256_a1.8_b1.0_g1.0_seed102.csv,W_full_N256_a1.8_b1.0_g1.0_seed102.csv,"drop_first_row=0,drop_first_col=0",256,-7.595609040651018e-16,-6.825856193601033e-16,168,169,1.1999999999831084
results\pre_round4b_longtime\W_full_N256_a1.8_b1.0_g1.0_seed103.csv,W_full_N256_a1.8_b1.0_g1.0_seed103.csv,"drop_first_row=0,drop_first_col=0",256,-1.158853841467043e-15,-9.983019735628387e-16,196,197,1.199999999983108
results\pre_round4b_longtime\W_full_N256_a1.8_b1.0_g1.0_seed104.csv,W_full_N256_a1.8_b1.0_g1.0_seed104.csv,"drop_first_row=0,drop_first_col=0",256,-9.541022960443852e-16,-9.220349000471195e-16,176,177,1.1999999999831075
results\pre_round4b_longtime\W_full_N256_a1.8_b1.0_g1.0_seed105.csv,W_full_N256_a1.8_b1.0_g1.0_seed105.csv,"drop_first_row=0,drop_first_col=0",256,-4.474834237246253e-16,-4.4152781603445253e-16,184,185,1.1999999999831081
results\pre_round4b_longtime\W_full_N384_a1.8_b1.0_g1.0_seed101.csv,W_full_N384_a1.8_b1.0_g1.0_seed101.csv,"drop_first_row=0,drop_first_col=0",384,-2.4196721429048708e-15,-1.777525699976987e-15,272,273,1.1999999999831077
results\pre_round4b_longtime\W_full_N384_a1.8_b1.0_g1.0_seed102.csv,W_full_N384_a1.8_b1.0_g1.0_seed102.csv,"drop_first_row=0,drop_first_col=0",384,-1.5449805113385652e-15,-1.401104020507512e-15,288,289,1.1999999999831064
results\pre_round4b_longtime\W_full_N384_a1.8_b1.0_g1.0_seed103.csv,W_full_N384_a1.8_b1.0_g1.0_seed103.csv,"drop_first_row=0,drop_first_col=0",384,-1.5775014038179746e-15,-1.1100365904482077e-15,288,289,1.1999999999831061
results\pre_round4b_longtime\W_full_N384_a1.8_b1.0_g1.0_seed104.csv,W_full_N384_a1.8_b1.0_g1.0_seed104.csv,"drop_first_row=0,drop_first_col=0",384,-6.661477440260925e-16,-6.058238179590956e-16,304,305,1.1999999999831081
results\pre_round4b_longtime\W_full_N384_a1.8_b1.0_g1.0_seed105.csv,W_full_N384_a1.8_b1.0_g1.0_seed105.csv,"drop_first_row=0,drop_first_col=0",384,-1.6330159316869767e-15,-1.431489296631219e-15,280,281,1.1999999999831068
results\pre_round4c_N512_longtime\W_full_N512_a1.8_b1.0_g1.0_seed101.csv,W_full_N512_a1.8_b1.0_g1.0_seed101.csv,"drop_first_row=0,drop_first_col=0",512,-3.0355012720650453e-15,-2.396714616700279e-15,372,373,1.1999999999831072
results\pre_round4c_N512_longtime\W_full_N512_a1.8_b1.0_g1.0_seed102.csv,W_full_N512_a1.8_b1.0_g1.0_seed102.csv,"drop_first_row=0,drop_first_col=0",512,-1.883785038430351e-15,-1.7763571243601325e-15,380,381,1.1999999999831066
results\pre_round4c_N512_longtime\W_full_N512_a1.8_b1.0_g1.0_seed103.csv,W_full_N512_a1.8_b1.0_g1.0_seed103.csv,"drop_first_row=0,drop_first_col=0",512,-2.3600786592656227e-15,-1.77220644128598e-15,380,381,1.1999999999831061
results\pre_round4c_N512_longtime\W_full_N512_a1.8_b1.0_g1.0_seed104.csv,W_full_N512_a1.8_b1.0_g1.0_seed104.csv,"drop_first_row=0,drop_first_col=0",512,-2.7648135991665067e-15,-2.5653637467763582e-15,372,373,1.1999999999831068
results\pre_round4c_N512_longtime\W_full_N512_a1.8_b1.0_g1.0_seed105.csv,W_full_N512_a1.8_b1.0_g1.0_seed105.csv,"drop_first_row=0,drop_first_col=0",512,-2.6561217791843765e-15,-2.565858158402463e-15,400,401,1.1999999999831064
results\seed_expansion_N192_T400\W_full_N192_a1.8_b1.0_g1.0_seed106.csv,W_full_N192_a1.8_b1.0_g1.0_seed106.csv,"drop_first_row=0,drop_first_col=0",192,-7.313213259470532e-16,-6.618604214675524e-16,132,133,1.3361316497650932e-09
results\time_scan_N192\matrix_N192_a1.74_T250_seed101.csv,matrix_N192_a1.74_T250_seed101.csv,"drop_first_row=0,drop_first_col=0",192,0.7373079856701186,0.7381445756015534,1,2,0.7373079856701186
results\time_scan_N192\matrix_N192_a1.74_T250_seed102.csv,matrix_N192_a1.74_T250_seed102.csv,"drop_first_row=0,drop_first_col=0",192,0.7364795679429944,0.7382642495137918,1,2,0.7364795679429944
results\time_scan_N192\matrix_N192_a1.74_T250_seed103.csv,matrix_N192_a1.74_T250_seed103.csv,"drop_first_row=0,drop_first_col=0",192,0.7363236924579505,0.7383956909200793,1,2,0.7363236924579505
results\time_scan_N192\matrix_N192_a1.74_T300_seed101.csv,matrix_N192_a1.74_T300_seed101.csv,"drop_first_row=0,drop_first_col=0",192,0.7251765942117036,0.7307550514556115,1,2,0.7251765942117036
results\time_scan_N192\matrix_N192_a1.74_T300_seed102.csv,matrix_N192_a1.74_T300_seed102.csv,"drop_first_row=0,drop_first_col=0",192,0.7156100721350606,0.7307289374582515,1,2,0.7156100721350606
results\time_scan_N192\matrix_N192_a1.74_T300_seed103.csv,matrix_N192_a1.74_T300_seed103.csv,"drop_first_row=0,drop_first_col=0",192,0.7128607127800621,0.7309731312606262,1,2,0.7128607127800621
results\time_scan_N192\matrix_N192_a1.74_T350_seed101.csv,matrix_N192_a1.74_T350_seed101.csv,"drop_first_row=0,drop_first_col=0",192,3.0474886417876156e-12,4.768548533991692e-12,6,7,1.0454237469494392e-10
results\time_scan_N192\matrix_N192_a1.74_T350_seed102.csv,matrix_N192_a1.74_T350_seed102.csv,"drop_first_row=0,drop_first_col=0",192,-7.371867319848524e-17,-6.301918308275971e-18,51,52,1.3768431354919394e-10
results\time_scan_N192\matrix_N192_a1.74_T350_seed103.csv,matrix_N192_a1.74_T350_seed103.csv,"drop_first_row=0,drop_first_col=0",192,-1.6080552284027938e-16,-6.624578545428935e-17,56,57,1.0746857189016553e-10
results\time_scan_N192\matrix_N192_a1.74_T400_seed101.csv,matrix_N192_a1.74_T400_seed101.csv,"drop_first_row=0,drop_first_col=0",192,-6.224326109377894e-16,-5.861470128880402e-16,150,151,1.1049796487709127e-06
results\time_scan_N192\matrix_N192_a1.74_T400_seed102.csv,matrix_N192_a1.74_T400_seed102.csv,"drop_first_row=0,drop_first_col=0",192,-4.45442149480477e-16,-4.2955182961057745e-16,143,144,4.0903886928252e-09
results\time_scan_N192\matrix_N192_a1.74_T400_seed103.csv,matrix_N192_a1.74_T400_seed103.csv,"drop_first_row=0,drop_first_col=0",192,-5.911220360302458e-16,-5.59754990334403e-16,138,139,2.9941538137698966e-10
results\time_scan_N192\matrix_N192_a1.80_T250_seed101.csv,matrix_N192_a1.80_T250_seed101.csv,"drop_first_row=0,drop_first_col=0",192,0.796262596518748,0.7973967852079347,1,2,0.796262596518748
results\time_scan_N192\matrix_N192_a1.80_T250_seed102.csv,matrix_N192_a1.80_T250_seed102.csv,"drop_first_row=0,drop_first_col=0",192,0.7951046179071142,0.7975484429696262,1,2,0.7951046179071142
results\time_scan_N192\matrix_N192_a1.80_T250_seed103.csv,matrix_N192_a1.80_T250_seed103.csv,"drop_first_row=0,drop_first_col=0",192,0.7948807039316891,0.7977232208306068,1,2,0.7948807039316891
results\time_scan_N192\matrix_N192_a1.80_T300_seed101.csv,matrix_N192_a1.80_T300_seed101.csv,"drop_first_row=0,drop_first_col=0",192,0.7715036955489301,0.7844724068605361,1,2,0.7715036955489301
results\time_scan_N192\matrix_N192_a1.80_T300_seed102.csv,matrix_N192_a1.80_T300_seed102.csv,"drop_first_row=0,drop_first_col=0",192,0.733397914092524,0.7710856996715757,1,2,0.733397914092524
results\time_scan_N192\matrix_N192_a1.80_T300_seed103.csv,matrix_N192_a1.80_T300_seed103.csv,"drop_first_row=0,drop_first_col=0",192,0.7166113853849555,0.7600195808174516,1,2,0.7166113853849555
results\time_scan_N192\matrix_N192_a1.80_T350_seed101.csv,matrix_N192_a1.80_T350_seed101.csv,"drop_first_row=0,drop_first_col=0",192,-5.610365941152973e-17,-4.297945021320788e-17,64,65,1.4104336884099276e-10
results\time_scan_N192\matrix_N192_a1.80_T350_seed102.csv,matrix_N192_a1.80_T350_seed102.csv,"drop_first_row=0,drop_first_col=0",192,-3.604515832545309e-16,-3.1479122855831835e-16,75,76,1.1620321612480322e-10
results\time_scan_N192\matrix_N192_a1.80_T350_seed103.csv,matrix_N192_a1.80_T350_seed103.csv,"drop_first_row=0,drop_first_col=0",192,-4.204658788333442e-16,-3.654694016751572e-16,85,86,1.1479263375726938e-10
results\time_scan_N192\matrix_N192_a1.80_T400_seed101.csv,matrix_N192_a1.80_T400_seed101.csv,"drop_first_row=0,drop_first_col=0",192,-5.869973914916272e-16,-5.121084398434795e-16,148,149,1.199972858771868
results\time_scan_N192\matrix_N192_a1.80_T400_seed102.csv,matrix_N192_a1.80_T400_seed102.csv,"drop_first_row=0,drop_first_col=0",192,-5.654059026778542e-16,-5.478106443949689e-16,143,144,3.482046486477976e-06
results\time_scan_N192\matrix_N192_a1.80_T400_seed103.csv,matrix_N192_a1.80_T400_seed103.csv,"drop_first_row=0,drop_first_col=0",192,-6.469610136808084e-16,-5.943407045557704e-16,143,144,1.5657564113793728e-10
results\time_scan_N192_refined\matrix_N192_a1.74_T320_seed101.csv,matrix_N192_a1.74_T320_seed101.csv,"drop_first_row=0,drop_first_col=0",192,0.6737409314435001,0.7090874126721897,1,2,0.6737409314435001
results\time_scan_N192_refined\matrix_N192_a1.74_T320_seed102.csv,matrix_N192_a1.74_T320_seed102.csv,"drop_first_row=0,drop_first_col=0",192,0.25424973033924697,0.38071204397728026,1,2,0.25424973033924697
results\time_scan_N192_refined\matrix_N192_a1.74_T320_seed103.csv,matrix_N192_a1.74_T320_seed103.csv,"drop_first_row=0,drop_first_col=0",192,0.11697587511347185,0.20099278441278795,1,2,0.11697587511347185
results\time_scan_N192_refined\matrix_N192_a1.74_T330_seed101.csv,matrix_N192_a1.74_T330_seed101.csv,"drop_first_row=0,drop_first_col=0",192,0.16655838347483376,0.31121122507525756,1,2,0.16655838347483376
results\time_scan_N192_refined\matrix_N192_a1.74_T330_seed102.csv,matrix_N192_a1.74_T330_seed102.csv,"drop_first_row=0,drop_first_col=0",192,5.6404960982285396e-05,0.00010280234696018776,1,2,5.6404960982285396e-05
results\time_scan_N192_refined\matrix_N192_a1.74_T330_seed103.csv,matrix_N192_a1.74_T330_seed103.csv,"drop_first_row=0,drop_first_col=0",192,4.470529439829446e-06,1.2942630633196741e-05,1,2,4.470529439829446e-06
results\time_scan_N192_refined\matrix_N192_a1.74_T340_seed101.csv,matrix_N192_a1.74_T340_seed101.csv,"drop_first_row=0,drop_first_col=0",192,1.4202416066935036e-05,3.1245234146258084e-05,1,2,1.4202416066935036e-05
results\time_scan_N192_refined\matrix_N192_a1.74_T340_seed102.csv,matrix_N192_a1.74_T340_seed102.csv,"drop_first_row=0,drop_first_col=0",192,8.77186604050578e-12,1.9276461341806864e-11,5,6,1.3095867854976306e-10
results\time_scan_N192_refined\matrix_N192_a1.74_T340_seed103.csv,matrix_N192_a1.74_T340_seed103.csv,"drop_first_row=0,drop_first_col=0",192,1.959389715445902e-12,5.466962499987143e-12,7,8,1.2121038174930132e-10
results\time_scan_N192_refined\matrix_N192_a1.74_T350_seed101.csv,matrix_N192_a1.74_T350_seed101.csv,"drop_first_row=0,drop_first_col=0",192,3.0474886417876156e-12,4.768548533991692e-12,6,7,1.0454237469494392e-10
results\time_scan_N192_refined\matrix_N192_a1.74_T350_seed102.csv,matrix_N192_a1.74_T350_seed102.csv,"drop_first_row=0,drop_first_col=0",192,-7.371867319848524e-17,-6.301918308275971e-18,51,52,1.3768431354919394e-10
results\time_scan_N192_refined\matrix_N192_a1.74_T350_seed103.csv,matrix_N192_a1.74_T350_seed103.csv,"drop_first_row=0,drop_first_col=0",192,-1.6080552284027938e-16,-6.624578545428935e-17,56,57,1.0746857189016553e-10
results\time_scan_N192_refined\matrix_N192_a1.74_T360_seed101.csv,matrix_N192_a1.74_T360_seed101.csv,"drop_first_row=0,drop_first_col=0",192,-8.403172454998284e-17,-2.801108333416957e-17,56,57,1.1082029398406442e-10
results\time_scan_N192_refined\matrix_N192_a1.74_T360_seed102.csv,matrix_N192_a1.74_T360_seed102.csv,"drop_first_row=0,drop_first_col=0",192,-3.137002432620297e-16,-2.782958092865847e-16,74,75,1.3647936765138432e-10
results\time_scan_N192_refined\matrix_N192_a1.74_T360_seed103.csv,matrix_N192_a1.74_T360_seed103.csv,"drop_first_row=0,drop_first_col=0",192,-5.106852257960974e-16,-4.222486661101061e-16,81,82,1.118411741006646e-10
results\time_scan_N192_refined\matrix_N192_a1.80_T320_seed101.csv,matrix_N192_a1.80_T320_seed101.csv,"drop_first_row=0,drop_first_col=0",192,0.09773548155297018,0.22207676617561745,1,2,0.09773548155297018
results\time_scan_N192_refined\matrix_N192_a1.80_T320_seed102.csv,matrix_N192_a1.80_T320_seed102.csv,"drop_first_row=0,drop_first_col=0",192,1.3729056035180878e-05,2.358819487585217e-05,1,2,1.3729056035180878e-05
results\time_scan_N192_refined\matrix_N192_a1.80_T320_seed103.csv,matrix_N192_a1.80_T320_seed103.csv,"drop_first_row=0,drop_first_col=0",192,1.007844336922927e-06,3.091894885335507e-06,1,2,1.007844336922927e-06
results\time_scan_N192_refined\matrix_N192_a1.80_T330_seed101.csv,matrix_N192_a1.80_T330_seed101.csv,"drop_first_row=0,drop_first_col=0",192,2.1434662254386344e-06,3.94893374345722e-06,1,2,2.1434662254386344e-06
results\time_scan_N192_refined\matrix_N192_a1.80_T330_seed102.csv,matrix_N192_a1.80_T330_seed102.csv,"drop_first_row=0,drop_first_col=0",192,1.1274068687549889e-12,2.269156635158549e-12,10,11,2.1327999581780255e-10
results\time_scan_N192_refined\matrix_N192_a1.80_T330_seed103.csv,matrix_N192_a1.80_T330_seed103.csv,"drop_first_row=0,drop_first_col=0",192,2.6330223052266214e-13,8.309096282953896e-13,14,15,1.0233981469940674e-10
results\time_scan_N192_refined\matrix_N192_a1.80_T340_seed101.csv,matrix_N192_a1.80_T340_seed101.csv,"drop_first_row=0,drop_first_col=0",192,2.8362695456706533e-13,5.284945412707753e-13,11,12,1.2720998016502394e-10
results\time_scan_N192_refined\matrix_N192_a1.80_T340_seed102.csv,matrix_N192_a1.80_T340_seed102.csv,"drop_first_row=0,drop_first_col=0",192,-1.8322757806395803e-16,-1.3641306423098538e-16,58,59,1.480029617197229e-10
results\time_scan_N192_refined\matrix_N192_a1.80_T340_seed103.csv,matrix_N192_a1.80_T340_seed103.csv,"drop_first_row=0,drop_first_col=0",192,-2.7775127870524313e-16,-1.9978078735068485e-16,62,63,1.6380237594424898e-10
results\time_scan_N192_refined\matrix_N192_a1.80_T350_seed101.csv,matrix_N192_a1.80_T350_seed101.csv,"drop_first_row=0,drop_first_col=0",192,-5.610365941152973e-17,-4.297945021320788e-17,64,65,1.4104336884099276e-10
results\time_scan_N192_refined\matrix_N192_a1.80_T350_seed102.csv,matrix_N192_a1.80_T350_seed102.csv,"drop_first_row=0,drop_first_col=0",192,-3.604515832545309e-16,-3.1479122855831835e-16,75,76,1.1620321612480322e-10
results\time_scan_N192_refined\matrix_N192_a1.80_T350_seed103.csv,matrix_N192_a1.80_T350_seed103.csv,"drop_first_row=0,drop_first_col=0",192,-4.204658788333442e-16,-3.654694016751572e-16,85,86,1.1479263375726938e-10
results\time_scan_N192_refined\matrix_N192_a1.80_T360_seed101.csv,matrix_N192_a1.80_T360_seed101.csv,"drop_first_row=0,drop_first_col=0",192,-5.418727776533612e-16,-3.7024254363529776e-16,90,91,1.2983926246860029e-10
results\time_scan_N192_refined\matrix_N192_a1.80_T360_seed102.csv,matrix_N192_a1.80_T360_seed102.csv,"drop_first_row=0,drop_first_col=0",192,-3.961815336689777e-16,-3.3395401784286183e-16,119,120,6.261558911351377e-10
results\time_scan_N192_refined\matrix_N192_a1.80_T360_seed103.csv,matrix_N192_a1.80_T360_seed103.csv,"drop_first_row=0,drop_first_col=0",192,-5.805747524067688e-16,-5.612014343789984e-16,125,126,1.0134614699725526e-09
results\time_scan_N256_alpha174_plateau\matrix_N256_a1.74_T480_seed101.csv,matrix_N256_a1.74_T480_seed101.csv,"drop_first_row=0,drop_first_col=0",256,-5.713259810359349e-16,-5.551321248498927e-16,196,197,1.1099999699797423
results\time_scan_N256_alpha174_plateau\matrix_N256_a1.74_T480_seed102.csv,matrix_N256_a1.74_T480_seed102.csv,"drop_first_row=0,drop_first_col=0",256,-6.235461406594415e-16,-5.246688032165338e-16,174,175,3.978928407634828e-06
results\time_scan_N256_alpha174_plateau\matrix_N256_a1.74_T480_seed103.csv,matrix_N256_a1.74_T480_seed103.csv,"drop_first_row=0,drop_first_col=0",256,-6.436145045687909e-16,-6.165770382294463e-16,193,194,0.9731996684699986
results\time_scan_N256_alpha174_plateau\matrix_N256_a1.74_T560_seed101.csv,matrix_N256_a1.74_T560_seed101.csv,"drop_first_row=0,drop_first_col=0",256,-4.902650328726562e-16,-4.864044577762752e-16,196,197,1.1099999999809005
results\time_scan_N256_alpha174_plateau\matrix_N256_a1.74_T560_seed102.csv,matrix_N256_a1.74_T560_seed102.csv,"drop_first_row=0,drop_first_col=0",256,-7.052599047847446e-16,-6.523665890097354e-16,176,177,1.1099999999720154
results\time_scan_N256_alpha174_plateau\matrix_N256_a1.74_T560_seed103.csv,matrix_N256_a1.74_T560_seed103.csv,"drop_first_row=0,drop_first_col=0",256,-5.555833626268664e-16,-5.310116302233587e-16,196,197,1.1099999999807193
results\time_scan_N256_alpha174_refined\matrix_N256_a1.74_T370_seed101.csv,matrix_N256_a1.74_T370_seed101.csv,"drop_first_row=0,drop_first_col=0",256,0.03364975644844885,0.0985970192664953,1,2,0.03364975644844885
results\time_scan_N256_alpha174_refined\matrix_N256_a1.74_T370_seed102.csv,matrix_N256_a1.74_T370_seed102.csv,"drop_first_row=0,drop_first_col=0",256,0.7117943341746906,0.7187702154746247,1,2,0.7117943341746906
results\time_scan_N256_alpha174_refined\matrix_N256_a1.74_T370_seed103.csv,matrix_N256_a1.74_T370_seed103.csv,"drop_first_row=0,drop_first_col=0",256,0.6505924918337724,0.6925321177262472,1,2,0.6505924918337724
results\time_scan_N256_alpha174_refined\matrix_N256_a1.74_T380_seed101.csv,matrix_N256_a1.74_T380_seed101.csv,"drop_first_row=0,drop_first_col=0",256,7.179754420638183e-07,1.2675344162383905e-06,1,2,7.179754420638183e-07
results\time_scan_N256_alpha174_refined\matrix_N256_a1.74_T380_seed102.csv,matrix_N256_a1.74_T380_seed102.csv,"drop_first_row=0,drop_first_col=0",256,0.6691561695979252,0.6963134245889477,1,2,0.6691561695979252
results\time_scan_N256_alpha174_refined\matrix_N256_a1.74_T380_seed103.csv,matrix_N256_a1.74_T380_seed103.csv,"drop_first_row=0,drop_first_col=0",256,0.059982790543865155,0.10481812160427884,1,2,0.059982790543865155
results\time_scan_N256_alpha174_refined\matrix_N256_a1.74_T390_seed101.csv,matrix_N256_a1.74_T390_seed101.csv,"drop_first_row=0,drop_first_col=0",256,7.41818430200138e-14,3.0532423850994434e-13,17,18,1.2766519450257552e-10
results\time_scan_N256_alpha174_refined\matrix_N256_a1.74_T390_seed102.csv,matrix_N256_a1.74_T390_seed102.csv,"drop_first_row=0,drop_first_col=0",256,0.1429805146916701,0.31189906821453295,1,2,0.1429805146916701
results\time_scan_N256_alpha174_refined\matrix_N256_a1.74_T390_seed103.csv,matrix_N256_a1.74_T390_seed103.csv,"drop_first_row=0,drop_first_col=0",256,1.811070251760053e-07,6.782824034411551e-07,1,2,1.811070251760053e-07
results\time_scan_N256_alpha174_refined\matrix_N256_a1.74_T400_seed101.csv,matrix_N256_a1.74_T400_seed101.csv,"drop_first_row=0,drop_first_col=0",256,-1.1646418782375363e-16,-8.041759023860051e-17,80,81,1.0474493989737579e-10
results\time_scan_N256_alpha174_refined\matrix_N256_a1.74_T400_seed102.csv,matrix_N256_a1.74_T400_seed102.csv,"drop_first_row=0,drop_first_col=0",256,1.2439801344565392e-05,4.469926514741469e-05,1,2,1.2439801344565392e-05
results\time_scan_N256_alpha174_refined\matrix_N256_a1.74_T400_seed103.csv,matrix_N256_a1.74_T400_seed103.csv,"drop_first_row=0,drop_first_col=0",256,1.8244600666193572e-14,6.35138771416148e-13,12,13,1.1085789055518133e-10
results\time_scan_N256_alpha174_refined\matrix_N256_a1.74_T410_seed101.csv,matrix_N256_a1.74_T410_seed101.csv,"drop_first_row=0,drop_first_col=0",256,-3.2786747205093866e-16,-3.1959868788342332e-16,111,112,1.1739648560600555e-10
results\time_scan_N256_alpha174_refined\matrix_N256_a1.74_T410_seed102.csv,matrix_N256_a1.74_T410_seed102.csv,"drop_first_row=0,drop_first_col=0",256,2.85319701703378e-12,9.546773095666997e-12,9,10,1.7454909520820667e-10
results\time_scan_N256_alpha174_refined\matrix_N256_a1.74_T410_seed103.csv,matrix_N256_a1.74_T410_seed103.csv,"drop_first_row=0,drop_first_col=0",256,-1.3236563104972162e-16,-1.1343058711672184e-16,85,86,1.2644931891322903e-10
results\time_scan_N256_alpha174_refined\matrix_N256_a1.74_T420_seed101.csv,matrix_N256_a1.74_T420_seed101.csv,"drop_first_row=0,drop_first_col=0",256,-4.695986113979592e-16,-4.411003281297007e-16,171,172,1.1373322031961617e-10
results\time_scan_N256_alpha174_refined\matrix_N256_a1.74_T420_seed102.csv,matrix_N256_a1.74_T420_seed102.csv,"drop_first_row=0,drop_first_col=0",256,-1.8926787579227996e-16,-1.257604274214897e-16,81,82,1.0787258978317551e-10
results\time_scan_N256_alpha174_refined\matrix_N256_a1.74_T420_seed103.csv,matrix_N256_a1.74_T420_seed103.csv,"drop_first_row=0,drop_first_col=0",256,-4.2111192956852553e-16,-4.0329123585497895e-16,116,117,1.205817402427178e-10
results\time_scan_N256_alpha174_refined\matrix_N256_a1.74_T430_seed101.csv,matrix_N256_a1.74_T430_seed101.csv,"drop_first_row=0,drop_first_col=0",256,-6.554587730321266e-16,-5.520655516967342e-16,187,188,2.76210847209038e-10
results\time_scan_N256_alpha174_refined\matrix_N256_a1.74_T430_seed102.csv,matrix_N256_a1.74_T430_seed102.csv,"drop_first_row=0,drop_first_col=0",256,-4.569319712815168e-16,-4.3826331916431013e-16,108,109,1.0313676802368248e-10
results\time_scan_N256_alpha174_refined\matrix_N256_a1.74_T430_seed103.csv,matrix_N256_a1.74_T430_seed103.csv,"drop_first_row=0,drop_first_col=0",256,-4.4404113073786904e-16,-3.9387912221927144e-16,164,165,1.3180617770087548e-10
results\time_scan_N256_alpha174_refined\matrix_N256_a1.74_T440_seed101.csv,matrix_N256_a1.74_T440_seed101.csv,"drop_first_row=0,drop_first_col=0",256,-7.657696557238105e-16,-6.626860735263889e-16,192,193,1.0563528377096045e-09
results\time_scan_N256_alpha174_refined\matrix_N256_a1.74_T440_seed102.csv,matrix_N256_a1.74_T440_seed102.csv,"drop_first_row=0,drop_first_col=0",256,-5.019430647778648e-16,-4.650413910576296e-16,163,164,2.959739599537521e-10
results\time_scan_N256_alpha174_refined\matrix_N256_a1.74_T440_seed103.csv,matrix_N256_a1.74_T440_seed103.csv,"drop_first_row=0,drop_first_col=0",256,-5.576694467255965e-16,-4.823372233385214e-16,182,183,1.2172231258879834e-10
results\time_scan_N256_alpha180_seedexp\matrix_N256_a1.80_T370_seed104.csv,matrix_N256_a1.80_T370_seed104.csv,"drop_first_row=0,drop_first_col=0",256,9.2417376461628e-06,9.60833173901092e-05,1,2,9.2417376461628e-06
results\time_scan_N256_alpha180_seedexp\matrix_N256_a1.80_T370_seed105.csv,matrix_N256_a1.80_T370_seed105.csv,"drop_first_row=0,drop_first_col=0",256,0.0379441303270931,0.08000038776967279,1,2,0.0379441303270931
results\time_scan_N256_alpha180_seedexp\matrix_N256_a1.80_T380_seed104.csv,matrix_N256_a1.80_T380_seed104.csv,"drop_first_row=0,drop_first_col=0",256,7.286809663332292e-13,1.8191837086906198e-11,6,7,1.1443054935175919e-10
results\time_scan_N256_alpha180_seedexp\matrix_N256_a1.80_T380_seed105.csv,matrix_N256_a1.80_T380_seed105.csv,"drop_first_row=0,drop_first_col=0",256,2.409875530908426e-07,5.679349731665449e-07,1,2,2.409875530908426e-07
results\time_scan_N256_alpha180_seedexp\matrix_N256_a1.80_T390_seed104.csv,matrix_N256_a1.80_T390_seed104.csv,"drop_first_row=0,drop_first_col=0",256,-2.037415194121971e-16,-1.6391308030721744e-16,79,80,1.060444734139126e-10
results\time_scan_N256_alpha180_seedexp\matrix_N256_a1.80_T390_seed105.csv,matrix_N256_a1.80_T390_seed105.csv,"drop_first_row=0,drop_first_col=0",256,1.0100753777138231e-14,4.548510797757835e-14,21,22,1.1517158784699446e-10
results\time_scan_N256_peak_refined\matrix_N256_a1.80_T370_seed101.csv,matrix_N256_a1.80_T370_seed101.csv,"drop_first_row=0,drop_first_col=0",256,9.86350446630237e-09,1.6015041347134654e-08,1,2,9.86350446630237e-09
results\time_scan_N256_peak_refined\matrix_N256_a1.80_T370_seed102.csv,matrix_N256_a1.80_T370_seed102.csv,"drop_first_row=0,drop_first_col=0",256,0.6832641809256609,0.7313036539114317,1,2,0.6832641809256609
results\time_scan_N256_peak_refined\matrix_N256_a1.80_T370_seed103.csv,matrix_N256_a1.80_T370_seed103.csv,"drop_first_row=0,drop_first_col=0",256,0.0069754583641525435,0.009845790376718497,1,2,0.0069754583641525435
results\time_scan_N256_peak_refined\matrix_N256_a1.80_T380_seed101.csv,matrix_N256_a1.80_T380_seed101.csv,"drop_first_row=0,drop_first_col=0",256,4.621384390513814e-16,7.127007090267073e-15,35,36,1.0226025205208541e-10
results\time_scan_N256_peak_refined\matrix_N256_a1.80_T380_seed102.csv,matrix_N256_a1.80_T380_seed102.csv,"drop_first_row=0,drop_first_col=0",256,0.015981132515267456,0.07778676266143546,1,2,0.015981132515267456
results\time_scan_N256_peak_refined\matrix_N256_a1.80_T380_seed103.csv,matrix_N256_a1.80_T380_seed103.csv,"drop_first_row=0,drop_first_col=0",256,1.206515375210168e-09,7.005078097828793e-09,1,2,1.206515375210168e-09
results\time_scan_N256_peak_refined\matrix_N256_a1.80_T390_seed101.csv,matrix_N256_a1.80_T390_seed101.csv,"drop_first_row=0,drop_first_col=0",256,-3.142509510403254e-16,-2.5225260521576966e-16,94,95,1.455939775297307e-10
results\time_scan_N256_peak_refined\matrix_N256_a1.80_T390_seed102.csv,matrix_N256_a1.80_T390_seed102.csv,"drop_first_row=0,drop_first_col=0",256,8.728388096506829e-08,2.7360214769703365e-07,1,2,8.728388096506829e-08
results\time_scan_N256_peak_refined\matrix_N256_a1.80_T390_seed103.csv,matrix_N256_a1.80_T390_seed103.csv,"drop_first_row=0,drop_first_col=0",256,-6.018263321521914e-18,3.396973019976435e-15,35,36,1.2135389800838222e-10
results\time_scan_N256_peak_refined\matrix_N256_a1.80_T410_seed101.csv,matrix_N256_a1.80_T410_seed101.csv,"drop_first_row=0,drop_first_col=0",256,-4.559316437091012e-16,-4.202190166842948e-16,180,181,2.978165359542021e-10
results\time_scan_N256_peak_refined\matrix_N256_a1.80_T410_seed102.csv,matrix_N256_a1.80_T410_seed102.csv,"drop_first_row=0,drop_first_col=0",256,-5.032359872132995e-16,-4.713567356470816e-16,97,98,1.3651970764294374e-10
results\time_scan_N256_peak_refined\matrix_N256_a1.80_T410_seed103.csv,matrix_N256_a1.80_T410_seed103.csv,"drop_first_row=0,drop_first_col=0",256,-5.429434134871097e-16,-5.185146129255247e-16,134,135,1.0455701700883821e-10
results\time_scan_N256_peak_refined\matrix_N256_a1.80_T420_seed101.csv,matrix_N256_a1.80_T420_seed101.csv,"drop_first_row=0,drop_first_col=0",256,-7.780956242870876e-16,-6.563421377093745e-16,189,190,1.5978618428391655e-10
results\time_scan_N256_peak_refined\matrix_N256_a1.80_T420_seed102.csv,matrix_N256_a1.80_T420_seed102.csv,"drop_first_row=0,drop_first_col=0",256,-6.645861362196038e-16,-6.376259908342775e-16,132,133,1.0504726239949579e-10
results\time_scan_N256_peak_refined\matrix_N256_a1.80_T420_seed103.csv,matrix_N256_a1.80_T420_seed103.csv,"drop_first_row=0,drop_first_col=0",256,-4.1190561487510737e-16,-3.980011557585085e-16,174,175,5.134695375143556e-10
results\time_scan_N256_peak_refined\matrix_N256_a1.80_T430_seed101.csv,matrix_N256_a1.80_T430_seed101.csv,"drop_first_row=0,drop_first_col=0",256,-6.678509007281227e-16,-6.291693583187067e-16,190,191,4.723784250418704e-09
results\time_scan_N256_peak_refined\matrix_N256_a1.80_T430_seed102.csv,matrix_N256_a1.80_T430_seed102.csv,"drop_first_row=0,drop_first_col=0",256,-6.264796092683629e-16,-5.684799141718252e-16,157,158,1.6056192345205815e-10
results\time_scan_N256_peak_refined\matrix_N256_a1.80_T430_seed103.csv,matrix_N256_a1.80_T430_seed103.csv,"drop_first_row=0,drop_first_col=0",256,-7.088628530412964e-16,-6.238654342273476e-16,184,185,1.9342364837868135e-10
results\time_scan_N256_refined\matrix_N256_a1.80_T320_seed101.csv,matrix_N256_a1.80_T320_seed101.csv,"drop_first_row=0,drop_first_col=0",256,0.7869707247516029,0.7916507913015726,1,2,0.7869707247516029
results\time_scan_N256_refined\matrix_N256_a1.80_T320_seed102.csv,matrix_N256_a1.80_T320_seed102.csv,"drop_first_row=0,drop_first_col=0",256,0.7932029205626516,0.7939657572511446,1,2,0.7932029205626516
results\time_scan_N256_refined\matrix_N256_a1.80_T320_seed103.csv,matrix_N256_a1.80_T320_seed103.csv,"drop_first_row=0,drop_first_col=0",256,0.7907978641397695,0.7932044316491889,1,2,0.7907978641397695
results\time_scan_N256_refined\matrix_N256_a1.80_T360_seed101.csv,matrix_N256_a1.80_T360_seed101.csv,"drop_first_row=0,drop_first_col=0",256,0.005680861406706434,0.018942744724656155,1,2,0.005680861406706434
results\time_scan_N256_refined\matrix_N256_a1.80_T360_seed102.csv,matrix_N256_a1.80_T360_seed102.csv,"drop_first_row=0,drop_first_col=0",256,0.7642123078055425,0.7739995586874356,1,2,0.7642123078055425
results\time_scan_N256_refined\matrix_N256_a1.80_T360_seed103.csv,matrix_N256_a1.80_T360_seed103.csv,"drop_first_row=0,drop_first_col=0",256,0.6495251851819606,0.7109100232216726,1,2,0.6495251851819606
results\time_scan_N256_refined\matrix_N256_a1.80_T400_seed101.csv,matrix_N256_a1.80_T400_seed101.csv,"drop_first_row=0,drop_first_col=0",256,-5.485839501516395e-16,-4.736391382069506e-16,134,135,1.1665226955324535e-10
results\time_scan_N256_refined\matrix_N256_a1.80_T400_seed102.csv,matrix_N256_a1.80_T400_seed102.csv,"drop_first_row=0,drop_first_col=0",256,1.1059930439855435e-14,6.626743829857038e-14,32,33,1.064008430499102e-10
results\time_scan_N256_refined\matrix_N256_a1.80_T400_seed103.csv,matrix_N256_a1.80_T400_seed103.csv,"drop_first_row=0,drop_first_col=0",256,-4.635996451200655e-16,-3.8523481075342505e-16,94,95,1.1244759348998677e-10
results\time_scan_N256_refined\matrix_N256_a1.80_T440_seed101.csv,matrix_N256_a1.80_T440_seed101.csv,"drop_first_row=0,drop_first_col=0",256,-6.893436843229229e-16,-6.592008468139691e-16,192,193,1.1999983514264634
results\time_scan_N256_refined\matrix_N256_a1.80_T440_seed102.csv,matrix_N256_a1.80_T440_seed102.csv,"drop_first_row=0,drop_first_col=0",256,-7.509978578521764e-16,-7.097125036740938e-16,165,166,0.9447178849985958
results\time_scan_N256_refined\matrix_N256_a1.80_T440_seed103.csv,matrix_N256_a1.80_T440_seed103.csv,"drop_first_row=0,drop_first_col=0",256,-7.824984895049264e-16,-6.329468963990381e-16,193,194,0.022402783357462708
results\time_scan_N256_refined\matrix_N256_a1.80_T480_seed101.csv,matrix_N256_a1.80_T480_seed101.csv,"drop_first_row=0,drop_first_col=0",256,-6.611932124913051e-16,-6.107353106721011e-16,192,193,1.1999999994300972
results\time_scan_N256_refined\matrix_N256_a1.80_T480_seed102.csv,matrix_N256_a1.80_T480_seed102.csv,"drop_first_row=0,drop_first_col=0",256,-7.046245396963745e-16,-6.559597305127167e-16,168,169,1.1999999318349999
results\time_scan_N256_refined\matrix_N256_a1.80_T480_seed103.csv,matrix_N256_a1.80_T480_seed103.csv,"drop_first_row=0,drop_first_col=0",256,-5.64736362270412e-16,-4.913799698015935e-16,196,197,1.199997769675318
results\time_scan_N256_refined\matrix_N256_a1.80_T560_seed101.csv,matrix_N256_a1.80_T560_seed101.csv,"drop_first_row=0,drop_first_col=0",256,-5.912770353613619e-16,-5.238370122518144e-16,192,193,1.199999999983093
results\time_scan_N256_refined\matrix_N256_a1.80_T560_seed102.csv,matrix_N256_a1.80_T560_seed102.csv,"drop_first_row=0,drop_first_col=0",256,-6.916506923052779e-16,-6.834361267220857e-16,168,169,1.1999999999830928
results\time_scan_N256_refined\matrix_N256_a1.80_T560_seed103.csv,matrix_N256_a1.80_T560_seed103.csv,"drop_first_row=0,drop_first_col=0",256,-6.718198283279105e-16,-6.58170478900338e-16,196,197,1.1999999999828719
